{
  "fontName": "fabric-icons",
  "fontFamilyName": "FabricMDL2Icons",
  "excludeGlyphs": false,
  "excludeThirdPartyIcons": false,
  "chunkSubsets": false,
  "hashFontFileName": true,
  "glyphs": [
    {
      "name": "Album",
      "unicode": "E7AB"
    },
    {
      "name": "ChevronDown",
      "unicode": "E70D"
    },
    {
      "name": "ChevronDownMed",
      "unicode": "E972"
    },
    {
      "name": "Contact",
      "unicode": "E77B"
    },
    {
      "name": "Diamond",
      "unicode": "ED02"
    },
    {
      "name": "Download",
      "unicode": "E896"
    },
    {
      "name": "FabricFolder",
      "unicode": "F0A9"
    },
    {
      "name": "Feedback",
      "unicode": "ED15"
    },
    {
      "name": "FolderHorizontal",
      "unicode": "F12B"
    },
    {
      "name": "Help",
      "unicode": "E897"
    },
    {
      "name": "Home",
      "unicode": "E80F"
    },
    {
      "name": "List",
      "unicode": "EA37"
    },
    {
      "name": "More",
      "unicode": "E712"
    },
    {
      "name": "OpenPane",
      "unicode": "E8A0"
    },
    {
      "name": "OpenPaneMirrored",
      "unicode": "EA5B"
    },
    {
      "name": "Photo2",
      "unicode": "EB9F"
    },
    {
      "name": "RecycleBin",
      "unicode": "EF87"
    },
    {
      "name": "ReminderGroup",
      "unicode": "EBF8"
    },
    {
      "name": "Search",
      "unicode": "E721"
    },
    {
      "name": "Settings",
      "unicode": "E713"
    },
    {
      "name": "Share",
      "unicode": "E72D"
    },
    {
      "name": "SortLines",
      "unicode": "E9D0"
    },
    {
      "name": "WaffleOffice365",
      "unicode": "F4E0"
    }
  ]
}